category,order_count,total_revenue,avg_rating
health_beauty,9288,1248580.76,4.198320413436693
perfumery,3296,443255.8,4.224211165048544
fashion_bags_accessories,1990,174709.29,4.196482412060302
diapers_and_hygiene,37,2046.19,3.3783783783783785
